{"cameraMode":{"drawMode":0,"name":"Shaded","section":"Shading Mode"},"sceneLighting":false,"audioPlay":false,"sceneViewState":{"m_AlwaysRefresh":true,"showFog":true,"showSkybox":true,"showFlares":true,"showImageEffects":true,"showParticleSystems":true,"showVisualEffectGraphs":true,"m_FxEnabled":true},"in2DMode":false,"pivot":{"x":2.498126983642578,"y":0.10672026872634888,"z":11.327524185180664},"rotation":{"x":-0.013812294229865075,"y":-0.08824814856052399,"z":0.0013154299231246114,"w":-0.9960057735443115},"size":4.73306941986084,"orthographic":false}