{"cameraMode":{"drawMode":0,"name":"Shaded","section":"Shading Mode"},"sceneLighting":false,"audioPlay":false,"sceneViewState":{"m_AlwaysRefresh":false,"showFog":true,"showSkybox":false,"showFlares":true,"showImageEffects":true,"showParticleSystems":true,"showVisualEffectGraphs":true,"m_FxEnabled":true},"in2DMode":false,"pivot":{"x":-0.12291687726974487,"y":0.8820726275444031,"z":-1.7210570573806763},"rotation":{"x":-0.0034401651937514545,"y":0.9873824715614319,"z":-0.15712541341781617,"w":-0.02143009752035141},"size":1.207029104232788,"orthographic":false}