{"cameraMode":{"drawMode":0,"name":"Shaded","section":"Shading Mode"},"sceneLighting":false,"audioPlay":false,"sceneViewState":{"m_AlwaysRefresh":false,"showFog":true,"showSkybox":false,"showFlares":true,"showImageEffects":true,"showParticleSystems":true,"showVisualEffectGraphs":true,"m_FxEnabled":true},"in2DMode":false,"pivot":{"x":-5.960464477539063e-7,"y":0.8508977890014648,"z":-0.025632694363594056},"rotation":{"x":0.10130582749843598,"y":0.649951159954071,"z":-0.08807021379470825,"w":0.7480676770210266},"size":1.1907333135604859,"orthographic":false}