{"cameraMode":{"drawMode":0,"name":"Shaded","section":"Shading Mode"},"sceneLighting":false,"audioPlay":false,"sceneViewState":{"m_AlwaysRefresh":false,"showFog":true,"showSkybox":false,"showFlares":true,"showImageEffects":true,"showParticleSystems":true,"showVisualEffectGraphs":true,"m_FxEnabled":true},"in2DMode":false,"pivot":{"x":0.33398231863975527,"y":1.2753328084945679,"z":-1.8567312955856324},"rotation":{"x":-0.0016600709641352296,"y":-0.9981660842895508,"z":0.051307547837495807,"w":-0.032476671040058139},"size":1.5796695947647095,"orthographic":false}